<?xml version="1.0" encoding="UTF-8" standalone="yes"?>
<ns2:ExportManifest xmlns:ns2="http://www.pentaho.com/schema/">
    <ExportManifestInformation exportDate="17-12-2019 11:51:04 SGT" exportBy="admin" rootFolder="/home/admin/_ori/" manifestVersion="2"/>
    <ExportManifestEntity path="FFFB">
        <ExportManifestProperty>
            <EntityMetaData name="FFFB" createdDate="2019-12-05T14:37:36.922+08:00" isFolder="true" path="FFFB" isHidden="false" isSchedulable="true" locale="en_US" title="FFFB"/>
        </ExportManifestProperty>
        <ExportManifestProperty>
            <EntityAcl>
                <entriesInheriting>true</entriesInheriting>
                <owner>admin</owner>
                <ownerType>USER</ownerType>
            </EntityAcl>
        </ExportManifestProperty>
    </ExportManifestEntity>
    <ExportManifestEntity path="FFFB/SVPM Dashboard.cda">
        <ExportManifestProperty>
            <EntityMetaData name="SVPM Dashboard.cda" createdDate="2019-12-05T14:37:37.431+08:00" isFolder="false" path="FFFB/SVPM Dashboard.cda" isHidden="false" isSchedulable="true" locale="en_US" title="SVPM Dashboard"/>
        </ExportManifestProperty>
        <ExportManifestProperty>
            <EntityAcl>
                <entriesInheriting>true</entriesInheriting>
                <owner>admin</owner>
                <ownerType>USER</ownerType>
            </EntityAcl>
        </ExportManifestProperty>
    </ExportManifestEntity>
    <ExportManifestEntity path="FFFB/SVPM Dashboard.cdfde">
        <ExportManifestProperty>
            <EntityMetaData name="SVPM Dashboard.cdfde" createdDate="2019-12-05T14:37:37.469+08:00" isFolder="false" path="FFFB/SVPM Dashboard.cdfde" isHidden="false" isSchedulable="true" locale="en_US" title="SVPM Dashboard.cdfde"/>
        </ExportManifestProperty>
        <ExportManifestProperty>
            <EntityAcl>
                <entriesInheriting>true</entriesInheriting>
                <owner>admin</owner>
                <ownerType>USER</ownerType>
            </EntityAcl>
        </ExportManifestProperty>
    </ExportManifestEntity>
    <ExportManifestEntity path="FFFB/SVPM Dashboard.wcdf">
        <ExportManifestProperty>
            <EntityMetaData name="SVPM Dashboard.wcdf" createdDate="2019-12-05T14:37:37.543+08:00" isFolder="false" path="FFFB/SVPM Dashboard.wcdf" isHidden="false" isSchedulable="true" locale="en_US" title="SVPM Dashboard"/>
        </ExportManifestProperty>
        <ExportManifestProperty>
            <EntityAcl>
                <entriesInheriting>true</entriesInheriting>
                <owner>admin</owner>
                <ownerType>USER</ownerType>
            </EntityAcl>
        </ExportManifestProperty>
    </ExportManifestEntity>
    <ExportManifestEntity path="FFFB/SVPM Dashboard_tmp_tmp.cda">
        <ExportManifestProperty>
            <EntityMetaData name="SVPM Dashboard_tmp_tmp.cda" createdDate="2019-12-12T16:42:30.477+08:00" isFolder="false" path="FFFB/SVPM Dashboard_tmp_tmp.cda" isHidden="false" isSchedulable="true" locale="en_US" title="SVPM Dashboard_tmp_tmp.cda"/>
        </ExportManifestProperty>
        <ExportManifestProperty>
            <EntityAcl>
                <entriesInheriting>true</entriesInheriting>
                <owner>admin</owner>
                <ownerType>USER</ownerType>
            </EntityAcl>
        </ExportManifestProperty>
    </ExportManifestEntity>
    <ExportManifestEntity path="FFFB/SVPM Dashboard_tmp_tmp.cdfde">
        <ExportManifestProperty>
            <EntityMetaData name="SVPM Dashboard_tmp_tmp.cdfde" createdDate="2019-12-12T16:42:30.272+08:00" isFolder="false" path="FFFB/SVPM Dashboard_tmp_tmp.cdfde" isHidden="false" isSchedulable="true" locale="en_US" title="SVPM Dashboard_tmp_tmp.cdfde"/>
        </ExportManifestProperty>
        <ExportManifestProperty>
            <EntityAcl>
                <entriesInheriting>true</entriesInheriting>
                <owner>admin</owner>
                <ownerType>USER</ownerType>
            </EntityAcl>
        </ExportManifestProperty>
    </ExportManifestEntity>
    <ExportManifestEntity path="FFFB/SVPM Dashboard_tmp_tmp.wcdf">
        <ExportManifestProperty>
            <EntityMetaData name="SVPM Dashboard_tmp_tmp.wcdf" createdDate="2019-12-12T16:42:30.233+08:00" isFolder="false" path="FFFB/SVPM Dashboard_tmp_tmp.wcdf" isHidden="false" isSchedulable="true" locale="en_US" title="SVPM Dashboard_tmp_tmp.wcdf"/>
        </ExportManifestProperty>
        <ExportManifestProperty>
            <EntityAcl>
                <entriesInheriting>true</entriesInheriting>
                <owner>admin</owner>
                <ownerType>USER</ownerType>
            </EntityAcl>
        </ExportManifestProperty>
    </ExportManifestEntity>
    <ExportManifestEntity path="FFFB/css">
        <ExportManifestProperty>
            <EntityMetaData name="css" createdDate="2019-12-05T14:37:36.935+08:00" isFolder="true" path="FFFB/css" isHidden="false" isSchedulable="true" locale="en_US" title="css"/>
        </ExportManifestProperty>
        <ExportManifestProperty>
            <EntityAcl>
                <entriesInheriting>true</entriesInheriting>
                <owner>admin</owner>
                <ownerType>USER</ownerType>
            </EntityAcl>
        </ExportManifestProperty>
    </ExportManifestEntity>
    <ExportManifestEntity path="FFFB/css/CMS_logo.png">
        <ExportManifestProperty>
            <EntityMetaData name="CMS_logo.png" createdDate="2019-12-05T14:37:36.945+08:00" isFolder="false" path="FFFB/css/CMS_logo.png" isHidden="true" isSchedulable="true" locale="en_US" title="CMS_logo.png"/>
        </ExportManifestProperty>
        <ExportManifestProperty>
            <EntityAcl>
                <entriesInheriting>true</entriesInheriting>
                <owner>admin</owner>
                <ownerType>USER</ownerType>
            </EntityAcl>
        </ExportManifestProperty>
    </ExportManifestEntity>
    <ExportManifestEntity path="FFFB/css/Overview.png">
        <ExportManifestProperty>
            <EntityMetaData name="Overview.png" createdDate="2019-12-05T14:37:37.028+08:00" isFolder="false" path="FFFB/css/Overview.png" isHidden="true" isSchedulable="true" locale="en_US" title="Overview.png"/>
        </ExportManifestProperty>
        <ExportManifestProperty>
            <EntityAcl>
                <entriesInheriting>true</entriesInheriting>
                <owner>admin</owner>
                <ownerType>USER</ownerType>
            </EntityAcl>
        </ExportManifestProperty>
    </ExportManifestEntity>
    <ExportManifestEntity path="FFFB/css/OverviewOn.png">
        <ExportManifestProperty>
            <EntityMetaData name="OverviewOn.png" createdDate="2019-12-05T14:37:37.054+08:00" isFolder="false" path="FFFB/css/OverviewOn.png" isHidden="true" isSchedulable="true" locale="en_US" title="OverviewOn.png"/>
        </ExportManifestProperty>
        <ExportManifestProperty>
            <EntityAcl>
                <entriesInheriting>true</entriesInheriting>
                <owner>admin</owner>
                <ownerType>USER</ownerType>
            </EntityAcl>
        </ExportManifestProperty>
    </ExportManifestEntity>
    <ExportManifestEntity path="FFFB/css/fffb.css">
        <ExportManifestProperty>
            <EntityMetaData name="fffb.css" createdDate="2019-12-05T14:37:36.990+08:00" isFolder="false" path="FFFB/css/fffb.css" isHidden="true" isSchedulable="true" locale="en_US" title="fffb.css"/>
        </ExportManifestProperty>
        <ExportManifestProperty>
            <EntityAcl>
                <entriesInheriting>true</entriesInheriting>
                <owner>admin</owner>
                <ownerType>USER</ownerType>
            </EntityAcl>
        </ExportManifestProperty>
    </ExportManifestEntity>
    <ExportManifestEntity path="FFFB/img">
        <ExportManifestProperty>
            <EntityMetaData name="img" createdDate="2019-12-05T14:37:37.079+08:00" isFolder="true" path="FFFB/img" isHidden="true" isSchedulable="true" locale="en_US" title="img"/>
        </ExportManifestProperty>
        <ExportManifestProperty>
            <EntityAcl>
                <entriesInheriting>true</entriesInheriting>
                <owner>admin</owner>
                <ownerType>USER</ownerType>
            </EntityAcl>
        </ExportManifestProperty>
    </ExportManifestEntity>
    <ExportManifestEntity path="FFFB/img/CMS_logo.png">
        <ExportManifestProperty>
            <EntityMetaData name="CMS_logo.png" createdDate="2019-12-05T14:37:37.132+08:00" isFolder="false" path="FFFB/img/CMS_logo.png" isHidden="true" isSchedulable="true" locale="en_US" title="CMS_logo.png"/>
        </ExportManifestProperty>
        <ExportManifestProperty>
            <EntityAcl>
                <entriesInheriting>true</entriesInheriting>
                <owner>admin</owner>
                <ownerType>USER</ownerType>
            </EntityAcl>
        </ExportManifestProperty>
    </ExportManifestEntity>
    <ExportManifestEntity path="FFFB/img/calendar-ico.png">
        <ExportManifestProperty>
            <EntityMetaData name="calendar-ico.png" createdDate="2019-12-05T14:37:37.089+08:00" isFolder="false" path="FFFB/img/calendar-ico.png" isHidden="true" isSchedulable="true" locale="en_US" title="calendar-ico.png"/>
        </ExportManifestProperty>
        <ExportManifestProperty>
            <EntityAcl>
                <entriesInheriting>true</entriesInheriting>
                <owner>admin</owner>
                <ownerType>USER</ownerType>
            </EntityAcl>
        </ExportManifestProperty>
    </ExportManifestEntity>
    <ExportManifestEntity path="FFFB/img/calendar-ico.svg">
        <ExportManifestProperty>
            <EntityMetaData name="calendar-ico.svg" createdDate="2019-12-05T14:37:37.109+08:00" isFolder="false" path="FFFB/img/calendar-ico.svg" isHidden="true" isSchedulable="true" locale="en_US" title="calendar-ico.svg"/>
        </ExportManifestProperty>
        <ExportManifestProperty>
            <EntityAcl>
                <entriesInheriting>true</entriesInheriting>
                <owner>admin</owner>
                <ownerType>USER</ownerType>
            </EntityAcl>
        </ExportManifestProperty>
    </ExportManifestEntity>
    <ExportManifestEntity path="FFFB/img/pentaho-logo.png">
        <ExportManifestProperty>
            <EntityMetaData name="pentaho-logo.png" createdDate="2019-12-05T14:37:37.155+08:00" isFolder="false" path="FFFB/img/pentaho-logo.png" isHidden="true" isSchedulable="true" locale="en_US" title="pentaho-logo.png"/>
        </ExportManifestProperty>
        <ExportManifestProperty>
            <EntityAcl>
                <entriesInheriting>true</entriesInheriting>
                <owner>admin</owner>
                <ownerType>USER</ownerType>
            </EntityAcl>
        </ExportManifestProperty>
    </ExportManifestEntity>
    <ExportManifestEntity path="FFFB/img/pentaho-logo.svg">
        <ExportManifestProperty>
            <EntityMetaData name="pentaho-logo.svg" createdDate="2019-12-05T14:37:37.178+08:00" isFolder="false" path="FFFB/img/pentaho-logo.svg" isHidden="true" isSchedulable="true" locale="en_US" title="pentaho-logo.svg"/>
        </ExportManifestProperty>
        <ExportManifestProperty>
            <EntityAcl>
                <entriesInheriting>true</entriesInheriting>
                <owner>admin</owner>
                <ownerType>USER</ownerType>
            </EntityAcl>
        </ExportManifestProperty>
    </ExportManifestEntity>
    <ExportManifestEntity path="FFFB/img/selector-arrow.png">
        <ExportManifestProperty>
            <EntityMetaData name="selector-arrow.png" createdDate="2019-12-05T14:37:37.202+08:00" isFolder="false" path="FFFB/img/selector-arrow.png" isHidden="true" isSchedulable="true" locale="en_US" title="selector-arrow.png"/>
        </ExportManifestProperty>
        <ExportManifestProperty>
            <EntityAcl>
                <entriesInheriting>true</entriesInheriting>
                <owner>admin</owner>
                <ownerType>USER</ownerType>
            </EntityAcl>
        </ExportManifestProperty>
    </ExportManifestEntity>
    <ExportManifestEntity path="FFFB/img/selector-arrow.svg">
        <ExportManifestProperty>
            <EntityMetaData name="selector-arrow.svg" createdDate="2019-12-05T14:37:37.223+08:00" isFolder="false" path="FFFB/img/selector-arrow.svg" isHidden="true" isSchedulable="true" locale="en_US" title="selector-arrow.svg"/>
        </ExportManifestProperty>
        <ExportManifestProperty>
            <EntityAcl>
                <entriesInheriting>true</entriesInheriting>
                <owner>admin</owner>
                <ownerType>USER</ownerType>
            </EntityAcl>
        </ExportManifestProperty>
    </ExportManifestEntity>
    <ExportManifestEntity path="FFFB/img/trend_down.png">
        <ExportManifestProperty>
            <EntityMetaData name="trend_down.png" createdDate="2019-12-05T14:37:37.244+08:00" isFolder="false" path="FFFB/img/trend_down.png" isHidden="true" isSchedulable="true" locale="en_US" title="trend_down.png"/>
        </ExportManifestProperty>
        <ExportManifestProperty>
            <EntityAcl>
                <entriesInheriting>true</entriesInheriting>
                <owner>admin</owner>
                <ownerType>USER</ownerType>
            </EntityAcl>
        </ExportManifestProperty>
    </ExportManifestEntity>
    <ExportManifestEntity path="FFFB/img/trend_down.svg">
        <ExportManifestProperty>
            <EntityMetaData name="trend_down.svg" createdDate="2019-12-05T14:37:37.267+08:00" isFolder="false" path="FFFB/img/trend_down.svg" isHidden="true" isSchedulable="true" locale="en_US" title="trend_down.svg"/>
        </ExportManifestProperty>
        <ExportManifestProperty>
            <EntityAcl>
                <entriesInheriting>true</entriesInheriting>
                <owner>admin</owner>
                <ownerType>USER</ownerType>
            </EntityAcl>
        </ExportManifestProperty>
    </ExportManifestEntity>
    <ExportManifestEntity path="FFFB/img/trend_up.png">
        <ExportManifestProperty>
            <EntityMetaData name="trend_up.png" createdDate="2019-12-05T14:37:37.293+08:00" isFolder="false" path="FFFB/img/trend_up.png" isHidden="true" isSchedulable="true" locale="en_US" title="trend_up.png"/>
        </ExportManifestProperty>
        <ExportManifestProperty>
            <EntityAcl>
                <entriesInheriting>true</entriesInheriting>
                <owner>admin</owner>
                <ownerType>USER</ownerType>
            </EntityAcl>
        </ExportManifestProperty>
    </ExportManifestEntity>
    <ExportManifestEntity path="FFFB/img/trend_up.svg">
        <ExportManifestProperty>
            <EntityMetaData name="trend_up.svg" createdDate="2019-12-05T14:37:37.315+08:00" isFolder="false" path="FFFB/img/trend_up.svg" isHidden="true" isSchedulable="true" locale="en_US" title="trend_up.svg"/>
        </ExportManifestProperty>
        <ExportManifestProperty>
            <EntityAcl>
                <entriesInheriting>true</entriesInheriting>
                <owner>admin</owner>
                <ownerType>USER</ownerType>
            </EntityAcl>
        </ExportManifestProperty>
    </ExportManifestEntity>
    <ExportManifestEntity path="FFFB/img/webdetails-logo.png">
        <ExportManifestProperty>
            <EntityMetaData name="webdetails-logo.png" createdDate="2019-12-05T14:37:37.340+08:00" isFolder="false" path="FFFB/img/webdetails-logo.png" isHidden="true" isSchedulable="true" locale="en_US" title="webdetails-logo.png"/>
        </ExportManifestProperty>
        <ExportManifestProperty>
            <EntityAcl>
                <entriesInheriting>true</entriesInheriting>
                <owner>admin</owner>
                <ownerType>USER</ownerType>
            </EntityAcl>
        </ExportManifestProperty>
    </ExportManifestEntity>
    <ExportManifestEntity path="FFFB/img/webdetails-logo.svg">
        <ExportManifestProperty>
            <EntityMetaData name="webdetails-logo.svg" createdDate="2019-12-05T14:37:37.368+08:00" isFolder="false" path="FFFB/img/webdetails-logo.svg" isHidden="true" isSchedulable="true" locale="en_US" title="webdetails-logo.svg"/>
        </ExportManifestProperty>
        <ExportManifestProperty>
            <EntityAcl>
                <entriesInheriting>true</entriesInheriting>
                <owner>admin</owner>
                <ownerType>USER</ownerType>
            </EntityAcl>
        </ExportManifestProperty>
    </ExportManifestEntity>
    <ExportManifestEntity path="FFFB/jsMichael">
        <ExportManifestProperty>
            <EntityMetaData name="jsMichael" createdDate="2019-12-05T14:37:37.396+08:00" isFolder="true" path="FFFB/jsMichael" isHidden="false" isSchedulable="true" locale="en_US" title="jsMichael"/>
        </ExportManifestProperty>
        <ExportManifestProperty>
            <EntityAcl>
                <entriesInheriting>true</entriesInheriting>
                <owner>admin</owner>
                <ownerType>USER</ownerType>
            </EntityAcl>
        </ExportManifestProperty>
    </ExportManifestEntity>
    <ExportManifestEntity path="FFFB/jsMichael/michael.js">
        <ExportManifestProperty>
            <EntityMetaData name="michael.js" createdDate="2019-12-05T14:37:37.406+08:00" isFolder="false" path="FFFB/jsMichael/michael.js" isHidden="true" isSchedulable="true" locale="en_US" title="michael.js"/>
        </ExportManifestProperty>
        <ExportManifestProperty>
            <EntityAcl>
                <entriesInheriting>true</entriesInheriting>
                <owner>admin</owner>
                <ownerType>USER</ownerType>
            </EntityAcl>
        </ExportManifestProperty>
    </ExportManifestEntity>
</ns2:ExportManifest>
