<?xml version="1.0" encoding="UTF-8" standalone="yes"?>
<ns2:ExportManifest xmlns:ns2="http://www.pentaho.com/schema/">
    <ExportManifestInformation exportDate="02-12-2019 02:22:51 SGT" exportBy="admin" rootFolder="/public/" manifestVersion="2"/>
    <ExportManifestEntity path="FFFB">
        <ExportManifestProperty>
            <EntityMetaData name="FFFB" createdDate="2019-11-27T14:34:21.534+08:00" isFolder="true" path="FFFB" isHidden="false" isSchedulable="true" locale="en_US" title="FFFB"/>
        </ExportManifestProperty>
        <ExportManifestProperty>
            <EntityAcl>
                <entriesInheriting>true</entriesInheriting>
                <owner>admin</owner>
                <ownerType>USER</ownerType>
            </EntityAcl>
        </ExportManifestProperty>
    </ExportManifestEntity>
    <ExportManifestEntity path="FFFB/CDE-668.cda">
        <ExportManifestProperty>
            <EntityMetaData name="CDE-668.cda" createdDate="2019-11-27T14:34:21.601+08:00" isFolder="false" path="FFFB/CDE-668.cda" isHidden="false" isSchedulable="true" locale="en_US" title="CDE-668"/>
        </ExportManifestProperty>
        <ExportManifestProperty>
            <EntityAcl>
                <entriesInheriting>true</entriesInheriting>
                <owner>admin</owner>
                <ownerType>USER</ownerType>
            </EntityAcl>
        </ExportManifestProperty>
    </ExportManifestEntity>
    <ExportManifestEntity path="FFFB/CDE-668.cdfde">
        <ExportManifestProperty>
            <EntityMetaData name="CDE-668.cdfde" createdDate="2019-11-27T14:34:21.737+08:00" isFolder="false" path="FFFB/CDE-668.cdfde" isHidden="false" isSchedulable="true" locale="en_US" title="CDE-668.cdfde"/>
        </ExportManifestProperty>
        <ExportManifestProperty>
            <EntityAcl>
                <entriesInheriting>true</entriesInheriting>
                <owner>admin</owner>
                <ownerType>USER</ownerType>
            </EntityAcl>
        </ExportManifestProperty>
    </ExportManifestEntity>
    <ExportManifestEntity path="FFFB/CDE-668.wcdf">
        <ExportManifestProperty>
            <EntityMetaData name="CDE-668.wcdf" createdDate="2019-11-27T14:34:21.689+08:00" isFolder="false" path="FFFB/CDE-668.wcdf" isHidden="false" isSchedulable="true" locale="en_US" title="CDE-668"/>
        </ExportManifestProperty>
        <ExportManifestProperty>
            <EntityAcl>
                <entriesInheriting>true</entriesInheriting>
                <owner>admin</owner>
                <ownerType>USER</ownerType>
            </EntityAcl>
        </ExportManifestProperty>
    </ExportManifestEntity>
    <ExportManifestEntity path="FFFB/Optimisation_Test_V1_2">
        <ExportManifestProperty>
            <EntityMetaData name="Optimisation_Test_V1_2" createdDate="2019-11-27T14:34:21.796+08:00" isFolder="true" path="FFFB/Optimisation_Test_V1_2" isHidden="false" isSchedulable="true" locale="en_US" title="Optimisation_Test_V1_2"/>
        </ExportManifestProperty>
        <ExportManifestProperty>
            <EntityAcl>
                <entriesInheriting>true</entriesInheriting>
                <owner>admin</owner>
                <ownerType>USER</ownerType>
            </EntityAcl>
        </ExportManifestProperty>
    </ExportManifestEntity>
    <ExportManifestEntity path="FFFB/Optimisation_Test_V1_2/Optimisation_Test_V1_tmp.cda">
        <ExportManifestProperty>
            <EntityMetaData name="Optimisation_Test_V1_tmp.cda" createdDate="2019-11-27T14:34:21.814+08:00" isFolder="false" path="FFFB/Optimisation_Test_V1_2/Optimisation_Test_V1_tmp.cda" isHidden="false" isSchedulable="true" locale="en_US" title="Optimisation_Test_V1_tmp"/>
        </ExportManifestProperty>
        <ExportManifestProperty>
            <EntityAcl>
                <entriesInheriting>true</entriesInheriting>
                <owner>admin</owner>
                <ownerType>USER</ownerType>
            </EntityAcl>
        </ExportManifestProperty>
    </ExportManifestEntity>
    <ExportManifestEntity path="FFFB/Optimisation_Test_V1_2/Optimisation_Test_V1_tmp.cdfde">
        <ExportManifestProperty>
            <EntityMetaData name="Optimisation_Test_V1_tmp.cdfde" createdDate="2019-11-27T14:34:21.910+08:00" isFolder="false" path="FFFB/Optimisation_Test_V1_2/Optimisation_Test_V1_tmp.cdfde" isHidden="false" isSchedulable="true" locale="en_US" title="Optimisation_Test_V1_tmp.cdfde"/>
        </ExportManifestProperty>
        <ExportManifestProperty>
            <EntityAcl>
                <entriesInheriting>true</entriesInheriting>
                <owner>admin</owner>
                <ownerType>USER</ownerType>
            </EntityAcl>
        </ExportManifestProperty>
    </ExportManifestEntity>
    <ExportManifestEntity path="FFFB/Optimisation_Test_V1_2/Optimisation_Test_V1_tmp.wcdf">
        <ExportManifestProperty>
            <EntityMetaData name="Optimisation_Test_V1_tmp.wcdf" createdDate="2019-11-27T14:34:21.861+08:00" isFolder="false" path="FFFB/Optimisation_Test_V1_2/Optimisation_Test_V1_tmp.wcdf" isHidden="false" isSchedulable="true" locale="en_US" title="Optimisation_Test_V1_tmp"/>
        </ExportManifestProperty>
        <ExportManifestProperty>
            <EntityAcl>
                <entriesInheriting>true</entriesInheriting>
                <owner>admin</owner>
                <ownerType>USER</ownerType>
            </EntityAcl>
        </ExportManifestProperty>
    </ExportManifestEntity>
    <ExportManifestEntity path="FFFB/Optimisation_Test_V1_2_tmp">
        <ExportManifestProperty>
            <EntityMetaData name="Optimisation_Test_V1_2_tmp" createdDate="2019-11-27T14:34:21.976+08:00" isFolder="true" path="FFFB/Optimisation_Test_V1_2_tmp" isHidden="false" isSchedulable="true" locale="en_US" title="Optimisation_Test_V1_2_tmp"/>
        </ExportManifestProperty>
        <ExportManifestProperty>
            <EntityAcl>
                <entriesInheriting>true</entriesInheriting>
                <owner>admin</owner>
                <ownerType>USER</ownerType>
            </EntityAcl>
        </ExportManifestProperty>
    </ExportManifestEntity>
    <ExportManifestEntity path="FFFB/Optimisation_Test_V1_2_tmp/Optimisation_Test_V1_2_tmp.cda">
        <ExportManifestProperty>
            <EntityMetaData name="Optimisation_Test_V1_2_tmp.cda" createdDate="2019-11-27T14:34:21.999+08:00" isFolder="false" path="FFFB/Optimisation_Test_V1_2_tmp/Optimisation_Test_V1_2_tmp.cda" isHidden="false" isSchedulable="true" locale="en_US" title="Optimisation_Test_V1_2_tmp"/>
        </ExportManifestProperty>
        <ExportManifestProperty>
            <EntityAcl>
                <entriesInheriting>true</entriesInheriting>
                <owner>admin</owner>
                <ownerType>USER</ownerType>
            </EntityAcl>
        </ExportManifestProperty>
    </ExportManifestEntity>
    <ExportManifestEntity path="FFFB/Optimisation_Test_V1_2_tmp/Optimisation_Test_V1_2_tmp.cdfde">
        <ExportManifestProperty>
            <EntityMetaData name="Optimisation_Test_V1_2_tmp.cdfde" createdDate="2019-11-27T14:34:22.080+08:00" isFolder="false" path="FFFB/Optimisation_Test_V1_2_tmp/Optimisation_Test_V1_2_tmp.cdfde" isHidden="false" isSchedulable="true" locale="en_US" title="Optimisation_Test_V1_2_tmp.cdfde"/>
        </ExportManifestProperty>
        <ExportManifestProperty>
            <EntityAcl>
                <entriesInheriting>true</entriesInheriting>
                <owner>admin</owner>
                <ownerType>USER</ownerType>
            </EntityAcl>
        </ExportManifestProperty>
    </ExportManifestEntity>
    <ExportManifestEntity path="FFFB/Optimisation_Test_V1_2_tmp/Optimisation_Test_V1_2_tmp.wcdf">
        <ExportManifestProperty>
            <EntityMetaData name="Optimisation_Test_V1_2_tmp.wcdf" createdDate="2019-11-27T14:34:22.043+08:00" isFolder="false" path="FFFB/Optimisation_Test_V1_2_tmp/Optimisation_Test_V1_2_tmp.wcdf" isHidden="false" isSchedulable="true" locale="en_US" title="Optimisation_Test_V1_2_tmp"/>
        </ExportManifestProperty>
        <ExportManifestProperty>
            <EntityAcl>
                <entriesInheriting>true</entriesInheriting>
                <owner>admin</owner>
                <ownerType>USER</ownerType>
            </EntityAcl>
        </ExportManifestProperty>
    </ExportManifestEntity>
    <ExportManifestEntity path="FFFB/Pivot DMP 1.xanalyzer">
        <ExportManifestProperty>
            <EntityMetaData name="Pivot DMP 1.xanalyzer" createdDate="2019-11-28T14:27:07.748+08:00" isFolder="false" path="FFFB/Pivot DMP 1.xanalyzer" isHidden="false" isSchedulable="true" locale="en_US" title="Pivot DMP 1"/>
        </ExportManifestProperty>
        <ExportManifestProperty>
            <EntityAcl>
                <entriesInheriting>true</entriesInheriting>
                <owner>admin</owner>
                <ownerType>USER</ownerType>
            </EntityAcl>
        </ExportManifestProperty>
    </ExportManifestEntity>
    <ExportManifestEntity path="FFFB/Pivot FFB V1.xanalyzer">
        <ExportManifestProperty>
            <EntityMetaData name="Pivot FFB V1.xanalyzer" createdDate="2019-11-28T12:02:40.597+08:00" isFolder="false" path="FFFB/Pivot FFB V1.xanalyzer" isHidden="false" isSchedulable="true" locale="en_US" title="Pivot FFB V1"/>
        </ExportManifestProperty>
        <ExportManifestProperty>
            <EntityAcl>
                <entriesInheriting>true</entriesInheriting>
                <owner>admin</owner>
                <ownerType>USER</ownerType>
            </EntityAcl>
        </ExportManifestProperty>
    </ExportManifestEntity>
    <ExportManifestEntity path="FFFB/Pivot FFB V2.xanalyzer">
        <ExportManifestProperty>
            <EntityMetaData name="Pivot FFB V2.xanalyzer" createdDate="2019-11-28T14:18:10.480+08:00" isFolder="false" path="FFFB/Pivot FFB V2.xanalyzer" isHidden="false" isSchedulable="true" locale="en_US" title="Pivot FFB V2"/>
        </ExportManifestProperty>
        <ExportManifestProperty>
            <EntityAcl>
                <entriesInheriting>true</entriesInheriting>
                <owner>admin</owner>
                <ownerType>USER</ownerType>
            </EntityAcl>
        </ExportManifestProperty>
    </ExportManifestEntity>
    <ExportManifestEntity path="FFFB/Pivot_DMP_1.xanalyzer">
        <ExportManifestProperty>
            <EntityMetaData name="Pivot_DMP_1.xanalyzer" createdDate="2019-11-28T11:41:27.376+08:00" isFolder="false" path="FFFB/Pivot_DMP_1.xanalyzer" isHidden="false" isSchedulable="true" locale="en_US" title="Pivot_DMP_1"/>
        </ExportManifestProperty>
        <ExportManifestProperty>
            <EntityAcl>
                <entriesInheriting>true</entriesInheriting>
                <owner>admin</owner>
                <ownerType>USER</ownerType>
            </EntityAcl>
        </ExportManifestProperty>
    </ExportManifestEntity>
    <ExportManifestEntity path="FFFB/Product Line Share by Territory.xanalyzer">
        <ExportManifestProperty>
            <EntityMetaData name="Product Line Share by Territory.xanalyzer" createdDate="2019-11-28T11:50:50.643+08:00" isFolder="false" path="FFFB/Product Line Share by Territory.xanalyzer" isHidden="false" isSchedulable="true" locale="en_US" title="Product Line Share by Territory"/>
        </ExportManifestProperty>
        <ExportManifestProperty>
            <EntityAcl>
                <entriesInheriting>true</entriesInheriting>
                <owner>admin</owner>
                <ownerType>USER</ownerType>
            </EntityAcl>
        </ExportManifestProperty>
    </ExportManifestEntity>
    <ExportManifestEntity path="FFFB/Product Line Share by Territory2.xanalyzer">
        <ExportManifestProperty>
            <EntityMetaData name="Product Line Share by Territory2.xanalyzer" createdDate="2019-11-28T12:01:04.832+08:00" isFolder="false" path="FFFB/Product Line Share by Territory2.xanalyzer" isHidden="false" isSchedulable="true" locale="en_US" title="Product Line Share by Territory2"/>
        </ExportManifestProperty>
        <ExportManifestProperty>
            <EntityAcl>
                <entriesInheriting>true</entriesInheriting>
                <owner>admin</owner>
                <ownerType>USER</ownerType>
            </EntityAcl>
        </ExportManifestProperty>
    </ExportManifestEntity>
    <ExportManifestEntity path="FFFB/SVPM - UAT.cda">
        <ExportManifestProperty>
            <EntityMetaData name="SVPM - UAT.cda" createdDate="2019-11-27T14:34:22.311+08:00" isFolder="false" path="FFFB/SVPM - UAT.cda" isHidden="false" isSchedulable="true" locale="en_US" title="SVPM - UAT"/>
        </ExportManifestProperty>
        <ExportManifestProperty>
            <EntityAcl>
                <entriesInheriting>true</entriesInheriting>
                <owner>admin</owner>
                <ownerType>USER</ownerType>
            </EntityAcl>
        </ExportManifestProperty>
    </ExportManifestEntity>
    <ExportManifestEntity path="FFFB/SVPM - UAT.cdfde">
        <ExportManifestProperty>
            <EntityMetaData name="SVPM - UAT.cdfde" createdDate="2019-11-27T14:34:22.392+08:00" isFolder="false" path="FFFB/SVPM - UAT.cdfde" isHidden="false" isSchedulable="true" locale="en_US" title="SVPM - UAT.cdfde"/>
        </ExportManifestProperty>
        <ExportManifestProperty>
            <EntityAcl>
                <entriesInheriting>true</entriesInheriting>
                <owner>admin</owner>
                <ownerType>USER</ownerType>
            </EntityAcl>
        </ExportManifestProperty>
    </ExportManifestEntity>
    <ExportManifestEntity path="FFFB/SVPM - UAT.wcdf">
        <ExportManifestProperty>
            <EntityMetaData name="SVPM - UAT.wcdf" createdDate="2019-11-27T14:34:22.357+08:00" isFolder="false" path="FFFB/SVPM - UAT.wcdf" isHidden="false" isSchedulable="true" locale="en_US" title="SVPM - UAT"/>
        </ExportManifestProperty>
        <ExportManifestProperty>
            <EntityAcl>
                <entriesInheriting>true</entriesInheriting>
                <owner>admin</owner>
                <ownerType>USER</ownerType>
            </EntityAcl>
        </ExportManifestProperty>
    </ExportManifestEntity>
    <ExportManifestEntity path="FFFB/SVPM Dashboard-Copy.cda">
        <ExportManifestProperty>
            <EntityMetaData name="SVPM Dashboard-Copy.cda" createdDate="2019-11-29T12:03:47.861+08:00" isFolder="false" path="FFFB/SVPM Dashboard-Copy.cda" isHidden="false" isSchedulable="true" locale="en_US" title="SVPM Dashboard-Copy.cda"/>
        </ExportManifestProperty>
        <ExportManifestProperty>
            <EntityAcl>
                <entriesInheriting>true</entriesInheriting>
                <owner>admin</owner>
                <ownerType>USER</ownerType>
            </EntityAcl>
        </ExportManifestProperty>
    </ExportManifestEntity>
    <ExportManifestEntity path="FFFB/SVPM Dashboard-Copy.cdfde">
        <ExportManifestProperty>
            <EntityMetaData name="SVPM Dashboard-Copy.cdfde" createdDate="2019-11-29T11:59:07.245+08:00" isFolder="false" path="FFFB/SVPM Dashboard-Copy.cdfde" isHidden="false" isSchedulable="true" locale="en_US" title="SVPM Dashboard-Copy.cdfde"/>
        </ExportManifestProperty>
        <ExportManifestProperty>
            <EntityAcl>
                <entriesInheriting>true</entriesInheriting>
                <owner>admin</owner>
                <ownerType>USER</ownerType>
            </EntityAcl>
        </ExportManifestProperty>
    </ExportManifestEntity>
    <ExportManifestEntity path="FFFB/SVPM Dashboard-Copy.wcdf">
        <ExportManifestProperty>
            <EntityMetaData name="SVPM Dashboard-Copy.wcdf" createdDate="2019-11-29T11:59:07.201+08:00" isFolder="false" path="FFFB/SVPM Dashboard-Copy.wcdf" isHidden="false" isSchedulable="true" locale="en_US" title="SVPM Dashboard-Copy"/>
        </ExportManifestProperty>
        <ExportManifestProperty>
            <EntityAcl>
                <entriesInheriting>true</entriesInheriting>
                <owner>admin</owner>
                <ownerType>USER</ownerType>
            </EntityAcl>
        </ExportManifestProperty>
    </ExportManifestEntity>
    <ExportManifestEntity path="FFFB/SVPM Dashboard.cda">
        <ExportManifestProperty>
            <EntityMetaData name="SVPM Dashboard.cda" createdDate="2019-11-27T14:34:22.475+08:00" isFolder="false" path="FFFB/SVPM Dashboard.cda" isHidden="false" isSchedulable="true" locale="en_US" title="SVPM Dashboard"/>
        </ExportManifestProperty>
        <ExportManifestProperty>
            <EntityAcl>
                <entriesInheriting>true</entriesInheriting>
                <owner>admin</owner>
                <ownerType>USER</ownerType>
            </EntityAcl>
        </ExportManifestProperty>
    </ExportManifestEntity>
    <ExportManifestEntity path="FFFB/SVPM Dashboard.cdfde">
        <ExportManifestProperty>
            <EntityMetaData name="SVPM Dashboard.cdfde" createdDate="2019-11-27T14:34:22.558+08:00" isFolder="false" path="FFFB/SVPM Dashboard.cdfde" isHidden="false" isSchedulable="true" locale="en_US" title="SVPM Dashboard.cdfde"/>
        </ExportManifestProperty>
        <ExportManifestProperty>
            <EntityAcl>
                <entriesInheriting>true</entriesInheriting>
                <owner>admin</owner>
                <ownerType>USER</ownerType>
            </EntityAcl>
        </ExportManifestProperty>
    </ExportManifestEntity>
    <ExportManifestEntity path="FFFB/SVPM Dashboard.wcdf">
        <ExportManifestProperty>
            <EntityMetaData name="SVPM Dashboard.wcdf" createdDate="2019-11-27T14:34:22.523+08:00" isFolder="false" path="FFFB/SVPM Dashboard.wcdf" isHidden="false" isSchedulable="true" locale="en_US" title="SVPM Dashboard"/>
        </ExportManifestProperty>
        <ExportManifestProperty>
            <EntityAcl>
                <entriesInheriting>true</entriesInheriting>
                <owner>admin</owner>
                <ownerType>USER</ownerType>
            </EntityAcl>
        </ExportManifestProperty>
    </ExportManifestEntity>
    <ExportManifestEntity path="FFFB/Table Expand Test">
        <ExportManifestProperty>
            <EntityMetaData name="Table Expand Test" createdDate="2019-11-27T14:34:22.638+08:00" isFolder="true" path="FFFB/Table Expand Test" isHidden="false" isSchedulable="true" locale="en_US" title="Table Expand Test"/>
        </ExportManifestProperty>
        <ExportManifestProperty>
            <EntityAcl>
                <entriesInheriting>true</entriesInheriting>
                <owner>admin</owner>
                <ownerType>USER</ownerType>
            </EntityAcl>
        </ExportManifestProperty>
    </ExportManifestEntity>
    <ExportManifestEntity path="FFFB/Table Expand Test/tableExpandTest.cda">
        <ExportManifestProperty>
            <EntityMetaData name="tableExpandTest.cda" createdDate="2019-11-27T14:34:22.654+08:00" isFolder="false" path="FFFB/Table Expand Test/tableExpandTest.cda" isHidden="false" isSchedulable="true" locale="en_US" title="tableExpandTest"/>
        </ExportManifestProperty>
        <ExportManifestProperty>
            <EntityAcl>
                <entriesInheriting>true</entriesInheriting>
                <owner>admin</owner>
                <ownerType>USER</ownerType>
            </EntityAcl>
        </ExportManifestProperty>
    </ExportManifestEntity>
    <ExportManifestEntity path="FFFB/Table Expand Test/tableExpandTest.cdfde">
        <ExportManifestProperty>
            <EntityMetaData name="tableExpandTest.cdfde" createdDate="2019-11-27T14:34:22.709+08:00" isFolder="false" path="FFFB/Table Expand Test/tableExpandTest.cdfde" isHidden="false" isSchedulable="true" locale="en_US" title="tableExpandTest.cdfde"/>
        </ExportManifestProperty>
        <ExportManifestProperty>
            <EntityAcl>
                <entriesInheriting>true</entriesInheriting>
                <owner>admin</owner>
                <ownerType>USER</ownerType>
            </EntityAcl>
        </ExportManifestProperty>
    </ExportManifestEntity>
    <ExportManifestEntity path="FFFB/Table Expand Test/tableExpandTest.wcdf">
        <ExportManifestProperty>
            <EntityMetaData name="tableExpandTest.wcdf" createdDate="2019-11-27T14:34:22.681+08:00" isFolder="false" path="FFFB/Table Expand Test/tableExpandTest.wcdf" isHidden="false" isSchedulable="true" locale="en_US" title="tableExpandTest"/>
        </ExportManifestProperty>
        <ExportManifestProperty>
            <EntityAcl>
                <entriesInheriting>true</entriesInheriting>
                <owner>admin</owner>
                <ownerType>USER</ownerType>
            </EntityAcl>
        </ExportManifestProperty>
    </ExportManifestEntity>
    <ExportManifestEntity path="FFFB/Testing">
        <ExportManifestProperty>
            <EntityMetaData name="Testing" createdDate="2019-11-27T14:34:22.756+08:00" isFolder="true" path="FFFB/Testing" isHidden="false" isSchedulable="true" locale="en_US" title="Testing"/>
        </ExportManifestProperty>
        <ExportManifestProperty>
            <EntityAcl>
                <entriesInheriting>true</entriesInheriting>
                <owner>admin</owner>
                <ownerType>USER</ownerType>
            </EntityAcl>
        </ExportManifestProperty>
    </ExportManifestEntity>
    <ExportManifestEntity path="FFFB/Testing.cda">
        <ExportManifestProperty>
            <EntityMetaData name="Testing.cda" createdDate="2019-11-27T14:34:22.931+08:00" isFolder="false" path="FFFB/Testing.cda" isHidden="false" isSchedulable="true" locale="en_US" title="Testing"/>
        </ExportManifestProperty>
        <ExportManifestProperty>
            <EntityAcl>
                <entriesInheriting>true</entriesInheriting>
                <owner>admin</owner>
                <ownerType>USER</ownerType>
            </EntityAcl>
        </ExportManifestProperty>
    </ExportManifestEntity>
    <ExportManifestEntity path="FFFB/Testing.cdfde">
        <ExportManifestProperty>
            <EntityMetaData name="Testing.cdfde" createdDate="2019-11-27T14:34:23.020+08:00" isFolder="false" path="FFFB/Testing.cdfde" isHidden="false" isSchedulable="true" locale="en_US" title="Testing.cdfde"/>
        </ExportManifestProperty>
        <ExportManifestProperty>
            <EntityAcl>
                <entriesInheriting>true</entriesInheriting>
                <owner>admin</owner>
                <ownerType>USER</ownerType>
            </EntityAcl>
        </ExportManifestProperty>
    </ExportManifestEntity>
    <ExportManifestEntity path="FFFB/Testing.wcdf">
        <ExportManifestProperty>
            <EntityMetaData name="Testing.wcdf" createdDate="2019-11-27T14:34:22.980+08:00" isFolder="false" path="FFFB/Testing.wcdf" isHidden="false" isSchedulable="true" locale="en_US" title="Testing"/>
        </ExportManifestProperty>
        <ExportManifestProperty>
            <EntityAcl>
                <entriesInheriting>true</entriesInheriting>
                <owner>admin</owner>
                <ownerType>USER</ownerType>
            </EntityAcl>
        </ExportManifestProperty>
    </ExportManifestEntity>
    <ExportManifestEntity path="FFFB/Testing/CM Dashboard.cda">
        <ExportManifestProperty>
            <EntityMetaData name="CM Dashboard.cda" createdDate="2019-11-27T14:34:22.776+08:00" isFolder="false" path="FFFB/Testing/CM Dashboard.cda" isHidden="false" isSchedulable="true" locale="en_US" title="CM Dashboard"/>
        </ExportManifestProperty>
        <ExportManifestProperty>
            <EntityAcl>
                <entriesInheriting>true</entriesInheriting>
                <owner>admin</owner>
                <ownerType>USER</ownerType>
            </EntityAcl>
        </ExportManifestProperty>
    </ExportManifestEntity>
    <ExportManifestEntity path="FFFB/Testing/CM Dashboard.cdfde">
        <ExportManifestProperty>
            <EntityMetaData name="CM Dashboard.cdfde" createdDate="2019-11-27T14:34:22.867+08:00" isFolder="false" path="FFFB/Testing/CM Dashboard.cdfde" isHidden="false" isSchedulable="true" locale="en_US" title="CM Dashboard.cdfde"/>
        </ExportManifestProperty>
        <ExportManifestProperty>
            <EntityAcl>
                <entriesInheriting>true</entriesInheriting>
                <owner>admin</owner>
                <ownerType>USER</ownerType>
            </EntityAcl>
        </ExportManifestProperty>
    </ExportManifestEntity>
    <ExportManifestEntity path="FFFB/Testing/CM Dashboard.wcdf">
        <ExportManifestProperty>
            <EntityMetaData name="CM Dashboard.wcdf" createdDate="2019-11-27T14:34:22.831+08:00" isFolder="false" path="FFFB/Testing/CM Dashboard.wcdf" isHidden="false" isSchedulable="true" locale="en_US" title="CM Dashboard"/>
        </ExportManifestProperty>
        <ExportManifestProperty>
            <EntityAcl>
                <entriesInheriting>true</entriesInheriting>
                <owner>admin</owner>
                <ownerType>USER</ownerType>
            </EntityAcl>
        </ExportManifestProperty>
    </ExportManifestEntity>
    <ExportManifestEntity path="FFFB/css">
        <ExportManifestProperty>
            <EntityMetaData name="css" createdDate="2019-11-27T14:34:23.082+08:00" isFolder="true" path="FFFB/css" isHidden="false" isSchedulable="true" locale="en_US" title="css"/>
        </ExportManifestProperty>
        <ExportManifestProperty>
            <EntityAcl>
                <entriesInheriting>true</entriesInheriting>
                <owner>admin</owner>
                <ownerType>USER</ownerType>
            </EntityAcl>
        </ExportManifestProperty>
    </ExportManifestEntity>
    <ExportManifestEntity path="FFFB/css/CMS_logo.png">
        <ExportManifestProperty>
            <EntityMetaData name="CMS_logo.png" createdDate="2019-11-27T14:34:23.098+08:00" isFolder="false" path="FFFB/css/CMS_logo.png" isHidden="true" isSchedulable="true" locale="en_US" title="CMS_logo.png"/>
        </ExportManifestProperty>
        <ExportManifestProperty>
            <EntityAcl>
                <entriesInheriting>true</entriesInheriting>
                <owner>admin</owner>
                <ownerType>USER</ownerType>
            </EntityAcl>
        </ExportManifestProperty>
    </ExportManifestEntity>
    <ExportManifestEntity path="FFFB/css/Overview.png">
        <ExportManifestProperty>
            <EntityMetaData name="Overview.png" createdDate="2019-11-27T14:34:23.274+08:00" isFolder="false" path="FFFB/css/Overview.png" isHidden="true" isSchedulable="true" locale="en_US" title="Overview.png"/>
        </ExportManifestProperty>
        <ExportManifestProperty>
            <EntityAcl>
                <entriesInheriting>true</entriesInheriting>
                <owner>admin</owner>
                <ownerType>USER</ownerType>
            </EntityAcl>
        </ExportManifestProperty>
    </ExportManifestEntity>
    <ExportManifestEntity path="FFFB/css/OverviewOn.png">
        <ExportManifestProperty>
            <EntityMetaData name="OverviewOn.png" createdDate="2019-11-27T14:34:23.328+08:00" isFolder="false" path="FFFB/css/OverviewOn.png" isHidden="true" isSchedulable="true" locale="en_US" title="OverviewOn.png"/>
        </ExportManifestProperty>
        <ExportManifestProperty>
            <EntityAcl>
                <entriesInheriting>true</entriesInheriting>
                <owner>admin</owner>
                <ownerType>USER</ownerType>
            </EntityAcl>
        </ExportManifestProperty>
    </ExportManifestEntity>
    <ExportManifestEntity path="FFFB/css/fffb.css.css">
        <ExportManifestProperty>
            <EntityMetaData name="fffb.css.css" createdDate="2019-11-27T14:34:23.383+08:00" isFolder="false" path="FFFB/css/fffb.css.css" isHidden="true" isSchedulable="true" locale="en_US" title="fffb.css.css"/>
        </ExportManifestProperty>
        <ExportManifestProperty>
            <EntityAcl>
                <entriesInheriting>true</entriesInheriting>
                <owner>admin</owner>
                <ownerType>USER</ownerType>
            </EntityAcl>
        </ExportManifestProperty>
    </ExportManifestEntity>
    <ExportManifestEntity path="FFFB/img">
        <ExportManifestProperty>
            <EntityMetaData name="img" createdDate="2019-11-27T14:34:23.422+08:00" isFolder="true" path="FFFB/img" isHidden="true" isSchedulable="true" locale="en_US" title="img"/>
        </ExportManifestProperty>
        <ExportManifestProperty>
            <EntityAcl>
                <entriesInheriting>true</entriesInheriting>
                <owner>admin</owner>
                <ownerType>USER</ownerType>
            </EntityAcl>
        </ExportManifestProperty>
    </ExportManifestEntity>
    <ExportManifestEntity path="FFFB/img/CMS_logo.png">
        <ExportManifestProperty>
            <EntityMetaData name="CMS_logo.png" createdDate="2019-11-27T14:34:23.441+08:00" isFolder="false" path="FFFB/img/CMS_logo.png" isHidden="true" isSchedulable="true" locale="en_US" title="CMS_logo.png"/>
        </ExportManifestProperty>
        <ExportManifestProperty>
            <EntityAcl>
                <entriesInheriting>true</entriesInheriting>
                <owner>admin</owner>
                <ownerType>USER</ownerType>
            </EntityAcl>
        </ExportManifestProperty>
    </ExportManifestEntity>
    <ExportManifestEntity path="FFFB/img/calendar-ico.png">
        <ExportManifestProperty>
            <EntityMetaData name="calendar-ico.png" createdDate="2019-11-27T14:34:23.483+08:00" isFolder="false" path="FFFB/img/calendar-ico.png" isHidden="true" isSchedulable="true" locale="en_US" title="calendar-ico.png"/>
        </ExportManifestProperty>
        <ExportManifestProperty>
            <EntityAcl>
                <entriesInheriting>true</entriesInheriting>
                <owner>admin</owner>
                <ownerType>USER</ownerType>
            </EntityAcl>
        </ExportManifestProperty>
    </ExportManifestEntity>
    <ExportManifestEntity path="FFFB/img/calendar-ico.svg">
        <ExportManifestProperty>
            <EntityMetaData name="calendar-ico.svg" createdDate="2019-11-27T14:34:23.513+08:00" isFolder="false" path="FFFB/img/calendar-ico.svg" isHidden="true" isSchedulable="true" locale="en_US" title="calendar-ico.svg"/>
        </ExportManifestProperty>
        <ExportManifestProperty>
            <EntityAcl>
                <entriesInheriting>true</entriesInheriting>
                <owner>admin</owner>
                <ownerType>USER</ownerType>
            </EntityAcl>
        </ExportManifestProperty>
    </ExportManifestEntity>
    <ExportManifestEntity path="FFFB/img/pentaho-logo.png">
        <ExportManifestProperty>
            <EntityMetaData name="pentaho-logo.png" createdDate="2019-11-27T14:34:23.543+08:00" isFolder="false" path="FFFB/img/pentaho-logo.png" isHidden="true" isSchedulable="true" locale="en_US" title="pentaho-logo.png"/>
        </ExportManifestProperty>
        <ExportManifestProperty>
            <EntityAcl>
                <entriesInheriting>true</entriesInheriting>
                <owner>admin</owner>
                <ownerType>USER</ownerType>
            </EntityAcl>
        </ExportManifestProperty>
    </ExportManifestEntity>
    <ExportManifestEntity path="FFFB/img/pentaho-logo.svg">
        <ExportManifestProperty>
            <EntityMetaData name="pentaho-logo.svg" createdDate="2019-11-27T14:34:23.575+08:00" isFolder="false" path="FFFB/img/pentaho-logo.svg" isHidden="true" isSchedulable="true" locale="en_US" title="pentaho-logo.svg"/>
        </ExportManifestProperty>
        <ExportManifestProperty>
            <EntityAcl>
                <entriesInheriting>true</entriesInheriting>
                <owner>admin</owner>
                <ownerType>USER</ownerType>
            </EntityAcl>
        </ExportManifestProperty>
    </ExportManifestEntity>
    <ExportManifestEntity path="FFFB/img/selector-arrow.png">
        <ExportManifestProperty>
            <EntityMetaData name="selector-arrow.png" createdDate="2019-11-27T14:34:23.612+08:00" isFolder="false" path="FFFB/img/selector-arrow.png" isHidden="true" isSchedulable="true" locale="en_US" title="selector-arrow.png"/>
        </ExportManifestProperty>
        <ExportManifestProperty>
            <EntityAcl>
                <entriesInheriting>true</entriesInheriting>
                <owner>admin</owner>
                <ownerType>USER</ownerType>
            </EntityAcl>
        </ExportManifestProperty>
    </ExportManifestEntity>
    <ExportManifestEntity path="FFFB/img/selector-arrow.svg">
        <ExportManifestProperty>
            <EntityMetaData name="selector-arrow.svg" createdDate="2019-11-27T14:34:23.642+08:00" isFolder="false" path="FFFB/img/selector-arrow.svg" isHidden="true" isSchedulable="true" locale="en_US" title="selector-arrow.svg"/>
        </ExportManifestProperty>
        <ExportManifestProperty>
            <EntityAcl>
                <entriesInheriting>true</entriesInheriting>
                <owner>admin</owner>
                <ownerType>USER</ownerType>
            </EntityAcl>
        </ExportManifestProperty>
    </ExportManifestEntity>
    <ExportManifestEntity path="FFFB/img/trend_down.png">
        <ExportManifestProperty>
            <EntityMetaData name="trend_down.png" createdDate="2019-11-27T14:34:23.668+08:00" isFolder="false" path="FFFB/img/trend_down.png" isHidden="true" isSchedulable="true" locale="en_US" title="trend_down.png"/>
        </ExportManifestProperty>
        <ExportManifestProperty>
            <EntityAcl>
                <entriesInheriting>true</entriesInheriting>
                <owner>admin</owner>
                <ownerType>USER</ownerType>
            </EntityAcl>
        </ExportManifestProperty>
    </ExportManifestEntity>
    <ExportManifestEntity path="FFFB/img/trend_down.svg">
        <ExportManifestProperty>
            <EntityMetaData name="trend_down.svg" createdDate="2019-11-27T14:34:23.702+08:00" isFolder="false" path="FFFB/img/trend_down.svg" isHidden="true" isSchedulable="true" locale="en_US" title="trend_down.svg"/>
        </ExportManifestProperty>
        <ExportManifestProperty>
            <EntityAcl>
                <entriesInheriting>true</entriesInheriting>
                <owner>admin</owner>
                <ownerType>USER</ownerType>
            </EntityAcl>
        </ExportManifestProperty>
    </ExportManifestEntity>
    <ExportManifestEntity path="FFFB/img/trend_up.png">
        <ExportManifestProperty>
            <EntityMetaData name="trend_up.png" createdDate="2019-11-27T14:34:23.741+08:00" isFolder="false" path="FFFB/img/trend_up.png" isHidden="true" isSchedulable="true" locale="en_US" title="trend_up.png"/>
        </ExportManifestProperty>
        <ExportManifestProperty>
            <EntityAcl>
                <entriesInheriting>true</entriesInheriting>
                <owner>admin</owner>
                <ownerType>USER</ownerType>
            </EntityAcl>
        </ExportManifestProperty>
    </ExportManifestEntity>
    <ExportManifestEntity path="FFFB/img/trend_up.svg">
        <ExportManifestProperty>
            <EntityMetaData name="trend_up.svg" createdDate="2019-11-27T14:34:23.778+08:00" isFolder="false" path="FFFB/img/trend_up.svg" isHidden="true" isSchedulable="true" locale="en_US" title="trend_up.svg"/>
        </ExportManifestProperty>
        <ExportManifestProperty>
            <EntityAcl>
                <entriesInheriting>true</entriesInheriting>
                <owner>admin</owner>
                <ownerType>USER</ownerType>
            </EntityAcl>
        </ExportManifestProperty>
    </ExportManifestEntity>
    <ExportManifestEntity path="FFFB/img/webdetails-logo.png">
        <ExportManifestProperty>
            <EntityMetaData name="webdetails-logo.png" createdDate="2019-11-27T14:34:23.813+08:00" isFolder="false" path="FFFB/img/webdetails-logo.png" isHidden="true" isSchedulable="true" locale="en_US" title="webdetails-logo.png"/>
        </ExportManifestProperty>
        <ExportManifestProperty>
            <EntityAcl>
                <entriesInheriting>true</entriesInheriting>
                <owner>admin</owner>
                <ownerType>USER</ownerType>
            </EntityAcl>
        </ExportManifestProperty>
    </ExportManifestEntity>
    <ExportManifestEntity path="FFFB/img/webdetails-logo.svg">
        <ExportManifestProperty>
            <EntityMetaData name="webdetails-logo.svg" createdDate="2019-11-27T14:34:23.845+08:00" isFolder="false" path="FFFB/img/webdetails-logo.svg" isHidden="true" isSchedulable="true" locale="en_US" title="webdetails-logo.svg"/>
        </ExportManifestProperty>
        <ExportManifestProperty>
            <EntityAcl>
                <entriesInheriting>true</entriesInheriting>
                <owner>admin</owner>
                <ownerType>USER</ownerType>
            </EntityAcl>
        </ExportManifestProperty>
    </ExportManifestEntity>
    <ExportManifestEntity path="FFFB/js">
        <ExportManifestProperty>
            <EntityMetaData name="js" createdDate="2019-11-27T14:34:23.885+08:00" isFolder="true" path="FFFB/js" isHidden="false" isSchedulable="true" locale="en_US" title="js"/>
        </ExportManifestProperty>
        <ExportManifestProperty>
            <EntityAcl>
                <entriesInheriting>true</entriesInheriting>
                <owner>admin</owner>
                <ownerType>USER</ownerType>
            </EntityAcl>
        </ExportManifestProperty>
    </ExportManifestEntity>
    <ExportManifestEntity path="FFFB/js/fffbJS.js.js">
        <ExportManifestProperty>
            <EntityMetaData name="fffbJS.js.js" createdDate="2019-11-27T14:34:23.904+08:00" isFolder="false" path="FFFB/js/fffbJS.js.js" isHidden="true" isSchedulable="true" locale="en_US" title="fffbJS.js.js"/>
        </ExportManifestProperty>
        <ExportManifestProperty>
            <EntityAcl>
                <entriesInheriting>true</entriesInheriting>
                <owner>admin</owner>
                <ownerType>USER</ownerType>
            </EntityAcl>
        </ExportManifestProperty>
    </ExportManifestEntity>
    <ExportManifestEntity path="FFFB/jsMichael">
        <ExportManifestProperty>
            <EntityMetaData name="jsMichael" createdDate="2019-11-27T14:34:23.940+08:00" isFolder="true" path="FFFB/jsMichael" isHidden="false" isSchedulable="true" locale="en_US" title="jsMichael"/>
        </ExportManifestProperty>
        <ExportManifestProperty>
            <EntityAcl>
                <entriesInheriting>true</entriesInheriting>
                <owner>admin</owner>
                <ownerType>USER</ownerType>
            </EntityAcl>
        </ExportManifestProperty>
    </ExportManifestEntity>
    <ExportManifestEntity path="FFFB/jsMichael/michael.js.js">
        <ExportManifestProperty>
            <EntityMetaData name="michael.js.js" createdDate="2019-11-27T14:34:23.954+08:00" isFolder="false" path="FFFB/jsMichael/michael.js.js" isHidden="true" isSchedulable="true" locale="en_US" title="michael.js.js"/>
        </ExportManifestProperty>
        <ExportManifestProperty>
            <EntityAcl>
                <entriesInheriting>true</entriesInheriting>
                <owner>admin</owner>
                <ownerType>USER</ownerType>
            </EntityAcl>
        </ExportManifestProperty>
    </ExportManifestEntity>
</ns2:ExportManifest>
