<?xml version="1.0" encoding="UTF-8" standalone="yes"?>
<ns2:ExportManifest xmlns:ns2="http://www.pentaho.com/schema/">
    <ExportManifestInformation exportDate="27-11-2019 12:18:41 SGT" exportBy="faizal" rootFolder="/public/" manifestVersion="2"/>
    <ExportManifestEntity path="FFFB">
        <ExportManifestProperty>
            <EntityMetaData name="FFFB" createdDate="2019-11-21T15:03:52.717+08:00" isFolder="true" path="FFFB" isHidden="false" isSchedulable="true" locale="en_US" title="FFFB"/>
        </ExportManifestProperty>
        <ExportManifestProperty>
            <EntityAcl>
                <entriesInheriting>true</entriesInheriting>
                <owner>faizal</owner>
                <ownerType>USER</ownerType>
            </EntityAcl>
        </ExportManifestProperty>
    </ExportManifestEntity>
    <ExportManifestEntity path="FFFB/CDE-668.cda">
        <ExportManifestProperty>
            <EntityMetaData name="CDE-668.cda" createdDate="2019-11-21T15:03:52.884+08:00" isFolder="false" path="FFFB/CDE-668.cda" isHidden="false" isSchedulable="true" locale="en_US" title="CDE-668"/>
        </ExportManifestProperty>
        <ExportManifestProperty>
            <EntityAcl>
                <entriesInheriting>true</entriesInheriting>
                <owner>faizal</owner>
                <ownerType>USER</ownerType>
            </EntityAcl>
        </ExportManifestProperty>
    </ExportManifestEntity>
    <ExportManifestEntity path="FFFB/CDE-668.cdfde">
        <ExportManifestProperty>
            <EntityMetaData name="CDE-668.cdfde" createdDate="2019-11-21T15:03:53.239+08:00" isFolder="false" path="FFFB/CDE-668.cdfde" isHidden="false" isSchedulable="true" locale="en_US" title="CDE-668.cdfde"/>
        </ExportManifestProperty>
        <ExportManifestProperty>
            <EntityAcl>
                <entriesInheriting>true</entriesInheriting>
                <owner>faizal</owner>
                <ownerType>USER</ownerType>
            </EntityAcl>
        </ExportManifestProperty>
    </ExportManifestEntity>
    <ExportManifestEntity path="FFFB/CDE-668.wcdf">
        <ExportManifestProperty>
            <EntityMetaData name="CDE-668.wcdf" createdDate="2019-11-21T15:03:53.595+08:00" isFolder="false" path="FFFB/CDE-668.wcdf" isHidden="false" isSchedulable="true" locale="en_US" title="CDE-668"/>
        </ExportManifestProperty>
        <ExportManifestProperty>
            <EntityAcl>
                <entriesInheriting>true</entriesInheriting>
                <owner>faizal</owner>
                <ownerType>USER</ownerType>
            </EntityAcl>
        </ExportManifestProperty>
    </ExportManifestEntity>
    <ExportManifestEntity path="FFFB/Optimisation_Test_V1_2">
        <ExportManifestProperty>
            <EntityMetaData name="Optimisation_Test_V1_2" createdDate="2019-11-21T15:03:53.737+08:00" isFolder="true" path="FFFB/Optimisation_Test_V1_2" isHidden="false" isSchedulable="true" locale="en_US" title="Optimisation_Test_V1_2"/>
        </ExportManifestProperty>
        <ExportManifestProperty>
            <EntityAcl>
                <entriesInheriting>true</entriesInheriting>
                <owner>faizal</owner>
                <ownerType>USER</ownerType>
            </EntityAcl>
        </ExportManifestProperty>
    </ExportManifestEntity>
    <ExportManifestEntity path="FFFB/Optimisation_Test_V1_2/Optimisation_Test_V1_tmp.cda">
        <ExportManifestProperty>
            <EntityMetaData name="Optimisation_Test_V1_tmp.cda" createdDate="2019-11-21T15:03:53.787+08:00" isFolder="false" path="FFFB/Optimisation_Test_V1_2/Optimisation_Test_V1_tmp.cda" isHidden="false" isSchedulable="true" locale="en_US" title="Optimisation_Test_V1_tmp"/>
        </ExportManifestProperty>
        <ExportManifestProperty>
            <EntityAcl>
                <entriesInheriting>true</entriesInheriting>
                <owner>faizal</owner>
                <ownerType>USER</ownerType>
            </EntityAcl>
        </ExportManifestProperty>
    </ExportManifestEntity>
    <ExportManifestEntity path="FFFB/Optimisation_Test_V1_2/Optimisation_Test_V1_tmp.cdfde">
        <ExportManifestProperty>
            <EntityMetaData name="Optimisation_Test_V1_tmp.cdfde" createdDate="2019-11-21T15:03:53.954+08:00" isFolder="false" path="FFFB/Optimisation_Test_V1_2/Optimisation_Test_V1_tmp.cdfde" isHidden="false" isSchedulable="true" locale="en_US" title="Optimisation_Test_V1_tmp.cdfde"/>
        </ExportManifestProperty>
        <ExportManifestProperty>
            <EntityAcl>
                <entriesInheriting>true</entriesInheriting>
                <owner>faizal</owner>
                <ownerType>USER</ownerType>
            </EntityAcl>
        </ExportManifestProperty>
    </ExportManifestEntity>
    <ExportManifestEntity path="FFFB/Optimisation_Test_V1_2/Optimisation_Test_V1_tmp.wcdf">
        <ExportManifestProperty>
            <EntityMetaData name="Optimisation_Test_V1_tmp.wcdf" createdDate="2019-11-21T15:03:54.192+08:00" isFolder="false" path="FFFB/Optimisation_Test_V1_2/Optimisation_Test_V1_tmp.wcdf" isHidden="false" isSchedulable="true" locale="en_US" title="Optimisation_Test_V1_tmp"/>
        </ExportManifestProperty>
        <ExportManifestProperty>
            <EntityAcl>
                <entriesInheriting>true</entriesInheriting>
                <owner>faizal</owner>
                <ownerType>USER</ownerType>
            </EntityAcl>
        </ExportManifestProperty>
    </ExportManifestEntity>
    <ExportManifestEntity path="FFFB/Optimisation_Test_V1_2_tmp">
        <ExportManifestProperty>
            <EntityMetaData name="Optimisation_Test_V1_2_tmp" createdDate="2019-11-21T15:03:54.317+08:00" isFolder="true" path="FFFB/Optimisation_Test_V1_2_tmp" isHidden="false" isSchedulable="true" locale="en_US" title="Optimisation_Test_V1_2_tmp"/>
        </ExportManifestProperty>
        <ExportManifestProperty>
            <EntityAcl>
                <entriesInheriting>true</entriesInheriting>
                <owner>faizal</owner>
                <ownerType>USER</ownerType>
            </EntityAcl>
        </ExportManifestProperty>
    </ExportManifestEntity>
    <ExportManifestEntity path="FFFB/Optimisation_Test_V1_2_tmp/Optimisation_Test_V1_2_tmp.cda">
        <ExportManifestProperty>
            <EntityMetaData name="Optimisation_Test_V1_2_tmp.cda" createdDate="2019-11-21T15:03:54.384+08:00" isFolder="false" path="FFFB/Optimisation_Test_V1_2_tmp/Optimisation_Test_V1_2_tmp.cda" isHidden="false" isSchedulable="true" locale="en_US" title="Optimisation_Test_V1_2_tmp"/>
        </ExportManifestProperty>
        <ExportManifestProperty>
            <EntityAcl>
                <entriesInheriting>true</entriesInheriting>
                <owner>faizal</owner>
                <ownerType>USER</ownerType>
            </EntityAcl>
        </ExportManifestProperty>
    </ExportManifestEntity>
    <ExportManifestEntity path="FFFB/Optimisation_Test_V1_2_tmp/Optimisation_Test_V1_2_tmp.cdfde">
        <ExportManifestProperty>
            <EntityMetaData name="Optimisation_Test_V1_2_tmp.cdfde" createdDate="2019-11-21T15:03:54.525+08:00" isFolder="false" path="FFFB/Optimisation_Test_V1_2_tmp/Optimisation_Test_V1_2_tmp.cdfde" isHidden="false" isSchedulable="true" locale="en_US" title="Optimisation_Test_V1_2_tmp.cdfde"/>
        </ExportManifestProperty>
        <ExportManifestProperty>
            <EntityAcl>
                <entriesInheriting>true</entriesInheriting>
                <owner>faizal</owner>
                <ownerType>USER</ownerType>
            </EntityAcl>
        </ExportManifestProperty>
    </ExportManifestEntity>
    <ExportManifestEntity path="FFFB/Optimisation_Test_V1_2_tmp/Optimisation_Test_V1_2_tmp.wcdf">
        <ExportManifestProperty>
            <EntityMetaData name="Optimisation_Test_V1_2_tmp.wcdf" createdDate="2019-11-21T15:03:54.668+08:00" isFolder="false" path="FFFB/Optimisation_Test_V1_2_tmp/Optimisation_Test_V1_2_tmp.wcdf" isHidden="false" isSchedulable="true" locale="en_US" title="Optimisation_Test_V1_2_tmp"/>
        </ExportManifestProperty>
        <ExportManifestProperty>
            <EntityAcl>
                <entriesInheriting>true</entriesInheriting>
                <owner>faizal</owner>
                <ownerType>USER</ownerType>
            </EntityAcl>
        </ExportManifestProperty>
    </ExportManifestEntity>
    <ExportManifestEntity path="FFFB/SVPM - Testing.cda">
        <ExportManifestProperty>
            <EntityMetaData name="SVPM - Testing.cda" createdDate="2019-11-21T15:03:54.783+08:00" isFolder="false" path="FFFB/SVPM - Testing.cda" isHidden="false" isSchedulable="true" locale="en_US" title="SVPM - Testing"/>
        </ExportManifestProperty>
        <ExportManifestProperty>
            <EntityAcl>
                <entriesInheriting>true</entriesInheriting>
                <owner>faizal</owner>
                <ownerType>USER</ownerType>
            </EntityAcl>
        </ExportManifestProperty>
    </ExportManifestEntity>
    <ExportManifestEntity path="FFFB/SVPM - Testing.cdfde">
        <ExportManifestProperty>
            <EntityMetaData name="SVPM - Testing.cdfde" createdDate="2019-11-21T15:03:54.985+08:00" isFolder="false" path="FFFB/SVPM - Testing.cdfde" isHidden="false" isSchedulable="true" locale="en_US" title="SVPM - Testing.cdfde"/>
        </ExportManifestProperty>
        <ExportManifestProperty>
            <EntityAcl>
                <entriesInheriting>true</entriesInheriting>
                <owner>faizal</owner>
                <ownerType>USER</ownerType>
            </EntityAcl>
        </ExportManifestProperty>
    </ExportManifestEntity>
    <ExportManifestEntity path="FFFB/SVPM - Testing.wcdf">
        <ExportManifestProperty>
            <EntityMetaData name="SVPM - Testing.wcdf" createdDate="2019-11-21T15:03:55.236+08:00" isFolder="false" path="FFFB/SVPM - Testing.wcdf" isHidden="false" isSchedulable="true" locale="en_US" title="SVPM - Testing"/>
        </ExportManifestProperty>
        <ExportManifestProperty>
            <EntityAcl>
                <entriesInheriting>true</entriesInheriting>
                <owner>faizal</owner>
                <ownerType>USER</ownerType>
            </EntityAcl>
        </ExportManifestProperty>
    </ExportManifestEntity>
    <ExportManifestEntity path="FFFB/SVPM - UAT.cda">
        <ExportManifestProperty>
            <EntityMetaData name="SVPM - UAT.cda" createdDate="2019-11-21T15:03:55.353+08:00" isFolder="false" path="FFFB/SVPM - UAT.cda" isHidden="false" isSchedulable="true" locale="en_US" title="SVPM - UAT"/>
        </ExportManifestProperty>
        <ExportManifestProperty>
            <EntityAcl>
                <entriesInheriting>true</entriesInheriting>
                <owner>faizal</owner>
                <ownerType>USER</ownerType>
            </EntityAcl>
        </ExportManifestProperty>
    </ExportManifestEntity>
    <ExportManifestEntity path="FFFB/SVPM - UAT.cdfde">
        <ExportManifestProperty>
            <EntityMetaData name="SVPM - UAT.cdfde" createdDate="2019-11-21T15:03:55.498+08:00" isFolder="false" path="FFFB/SVPM - UAT.cdfde" isHidden="false" isSchedulable="true" locale="en_US" title="SVPM - UAT.cdfde"/>
        </ExportManifestProperty>
        <ExportManifestProperty>
            <EntityAcl>
                <entriesInheriting>true</entriesInheriting>
                <owner>faizal</owner>
                <ownerType>USER</ownerType>
            </EntityAcl>
        </ExportManifestProperty>
    </ExportManifestEntity>
    <ExportManifestEntity path="FFFB/SVPM - UAT.wcdf">
        <ExportManifestProperty>
            <EntityMetaData name="SVPM - UAT.wcdf" createdDate="2019-11-21T15:03:55.746+08:00" isFolder="false" path="FFFB/SVPM - UAT.wcdf" isHidden="false" isSchedulable="true" locale="en_US" title="SVPM - UAT"/>
        </ExportManifestProperty>
        <ExportManifestProperty>
            <EntityAcl>
                <entriesInheriting>true</entriesInheriting>
                <owner>faizal</owner>
                <ownerType>USER</ownerType>
            </EntityAcl>
        </ExportManifestProperty>
    </ExportManifestEntity>
    <ExportManifestEntity path="FFFB/SVPM Dashboard.cda">
        <ExportManifestProperty>
            <EntityMetaData name="SVPM Dashboard.cda" createdDate="2019-11-21T15:03:55.877+08:00" isFolder="false" path="FFFB/SVPM Dashboard.cda" isHidden="false" isSchedulable="true" locale="en_US" title="SVPM Dashboard"/>
        </ExportManifestProperty>
        <ExportManifestProperty>
            <EntityAcl>
                <entriesInheriting>true</entriesInheriting>
                <owner>faizal</owner>
                <ownerType>USER</ownerType>
            </EntityAcl>
        </ExportManifestProperty>
    </ExportManifestEntity>
    <ExportManifestEntity path="FFFB/SVPM Dashboard.cdfde">
        <ExportManifestProperty>
            <EntityMetaData name="SVPM Dashboard.cdfde" createdDate="2019-11-21T15:03:56.230+08:00" isFolder="false" path="FFFB/SVPM Dashboard.cdfde" isHidden="false" isSchedulable="true" locale="en_US" title="SVPM Dashboard.cdfde"/>
        </ExportManifestProperty>
        <ExportManifestProperty>
            <EntityAcl>
                <entriesInheriting>true</entriesInheriting>
                <owner>faizal</owner>
                <ownerType>USER</ownerType>
            </EntityAcl>
        </ExportManifestProperty>
    </ExportManifestEntity>
    <ExportManifestEntity path="FFFB/SVPM Dashboard.wcdf">
        <ExportManifestProperty>
            <EntityMetaData name="SVPM Dashboard.wcdf" createdDate="2019-11-21T15:03:56.466+08:00" isFolder="false" path="FFFB/SVPM Dashboard.wcdf" isHidden="false" isSchedulable="true" locale="en_US" title="SVPM Dashboard"/>
        </ExportManifestProperty>
        <ExportManifestProperty>
            <EntityAcl>
                <entriesInheriting>true</entriesInheriting>
                <owner>faizal</owner>
                <ownerType>USER</ownerType>
            </EntityAcl>
        </ExportManifestProperty>
    </ExportManifestEntity>
    <ExportManifestEntity path="FFFB/Table Expand Test">
        <ExportManifestProperty>
            <EntityMetaData name="Table Expand Test" createdDate="2019-11-21T15:03:56.556+08:00" isFolder="true" path="FFFB/Table Expand Test" isHidden="false" isSchedulable="true" locale="en_US" title="Table Expand Test"/>
        </ExportManifestProperty>
        <ExportManifestProperty>
            <EntityAcl>
                <entriesInheriting>true</entriesInheriting>
                <owner>faizal</owner>
                <ownerType>USER</ownerType>
            </EntityAcl>
        </ExportManifestProperty>
    </ExportManifestEntity>
    <ExportManifestEntity path="FFFB/Table Expand Test/tableExpandTest.cda">
        <ExportManifestProperty>
            <EntityMetaData name="tableExpandTest.cda" createdDate="2019-11-21T15:03:56.601+08:00" isFolder="false" path="FFFB/Table Expand Test/tableExpandTest.cda" isHidden="false" isSchedulable="true" locale="en_US" title="tableExpandTest"/>
        </ExportManifestProperty>
        <ExportManifestProperty>
            <EntityAcl>
                <entriesInheriting>true</entriesInheriting>
                <owner>faizal</owner>
                <ownerType>USER</ownerType>
            </EntityAcl>
        </ExportManifestProperty>
    </ExportManifestEntity>
    <ExportManifestEntity path="FFFB/Table Expand Test/tableExpandTest.cdfde">
        <ExportManifestProperty>
            <EntityMetaData name="tableExpandTest.cdfde" createdDate="2019-11-21T15:03:56.690+08:00" isFolder="false" path="FFFB/Table Expand Test/tableExpandTest.cdfde" isHidden="false" isSchedulable="true" locale="en_US" title="tableExpandTest.cdfde"/>
        </ExportManifestProperty>
        <ExportManifestProperty>
            <EntityAcl>
                <entriesInheriting>true</entriesInheriting>
                <owner>faizal</owner>
                <ownerType>USER</ownerType>
            </EntityAcl>
        </ExportManifestProperty>
    </ExportManifestEntity>
    <ExportManifestEntity path="FFFB/Table Expand Test/tableExpandTest.wcdf">
        <ExportManifestProperty>
            <EntityMetaData name="tableExpandTest.wcdf" createdDate="2019-11-21T15:03:56.808+08:00" isFolder="false" path="FFFB/Table Expand Test/tableExpandTest.wcdf" isHidden="false" isSchedulable="true" locale="en_US" title="tableExpandTest"/>
        </ExportManifestProperty>
        <ExportManifestProperty>
            <EntityAcl>
                <entriesInheriting>true</entriesInheriting>
                <owner>faizal</owner>
                <ownerType>USER</ownerType>
            </EntityAcl>
        </ExportManifestProperty>
    </ExportManifestEntity>
    <ExportManifestEntity path="FFFB/Testing">
        <ExportManifestProperty>
            <EntityMetaData name="Testing" createdDate="2019-11-21T15:03:56.923+08:00" isFolder="true" path="FFFB/Testing" isHidden="false" isSchedulable="true" locale="en_US" title="Testing"/>
        </ExportManifestProperty>
        <ExportManifestProperty>
            <EntityAcl>
                <entriesInheriting>true</entriesInheriting>
                <owner>faizal</owner>
                <ownerType>USER</ownerType>
            </EntityAcl>
        </ExportManifestProperty>
    </ExportManifestEntity>
    <ExportManifestEntity path="FFFB/Testing.cda">
        <ExportManifestProperty>
            <EntityMetaData name="Testing.cda" createdDate="2019-11-21T15:03:57.404+08:00" isFolder="false" path="FFFB/Testing.cda" isHidden="false" isSchedulable="true" locale="en_US" title="Testing"/>
        </ExportManifestProperty>
        <ExportManifestProperty>
            <EntityAcl>
                <entriesInheriting>true</entriesInheriting>
                <owner>faizal</owner>
                <ownerType>USER</ownerType>
            </EntityAcl>
        </ExportManifestProperty>
    </ExportManifestEntity>
    <ExportManifestEntity path="FFFB/Testing.cdfde">
        <ExportManifestProperty>
            <EntityMetaData name="Testing.cdfde" createdDate="2019-11-21T15:03:57.513+08:00" isFolder="false" path="FFFB/Testing.cdfde" isHidden="false" isSchedulable="true" locale="en_US" title="Testing.cdfde"/>
        </ExportManifestProperty>
        <ExportManifestProperty>
            <EntityAcl>
                <entriesInheriting>true</entriesInheriting>
                <owner>faizal</owner>
                <ownerType>USER</ownerType>
            </EntityAcl>
        </ExportManifestProperty>
    </ExportManifestEntity>
    <ExportManifestEntity path="FFFB/Testing.wcdf">
        <ExportManifestProperty>
            <EntityMetaData name="Testing.wcdf" createdDate="2019-11-21T15:03:57.672+08:00" isFolder="false" path="FFFB/Testing.wcdf" isHidden="false" isSchedulable="true" locale="en_US" title="Testing"/>
        </ExportManifestProperty>
        <ExportManifestProperty>
            <EntityAcl>
                <entriesInheriting>true</entriesInheriting>
                <owner>faizal</owner>
                <ownerType>USER</ownerType>
            </EntityAcl>
        </ExportManifestProperty>
    </ExportManifestEntity>
    <ExportManifestEntity path="FFFB/Testing/CM Dashboard.cda">
        <ExportManifestProperty>
            <EntityMetaData name="CM Dashboard.cda" createdDate="2019-11-21T15:03:56.975+08:00" isFolder="false" path="FFFB/Testing/CM Dashboard.cda" isHidden="false" isSchedulable="true" locale="en_US" title="CM Dashboard"/>
        </ExportManifestProperty>
        <ExportManifestProperty>
            <EntityAcl>
                <entriesInheriting>true</entriesInheriting>
                <owner>faizal</owner>
                <ownerType>USER</ownerType>
            </EntityAcl>
        </ExportManifestProperty>
    </ExportManifestEntity>
    <ExportManifestEntity path="FFFB/Testing/CM Dashboard.cdfde">
        <ExportManifestProperty>
            <EntityMetaData name="CM Dashboard.cdfde" createdDate="2019-11-21T15:03:57.109+08:00" isFolder="false" path="FFFB/Testing/CM Dashboard.cdfde" isHidden="false" isSchedulable="true" locale="en_US" title="CM Dashboard.cdfde"/>
        </ExportManifestProperty>
        <ExportManifestProperty>
            <EntityAcl>
                <entriesInheriting>true</entriesInheriting>
                <owner>faizal</owner>
                <ownerType>USER</ownerType>
            </EntityAcl>
        </ExportManifestProperty>
    </ExportManifestEntity>
    <ExportManifestEntity path="FFFB/Testing/CM Dashboard.wcdf">
        <ExportManifestProperty>
            <EntityMetaData name="CM Dashboard.wcdf" createdDate="2019-11-21T15:03:57.318+08:00" isFolder="false" path="FFFB/Testing/CM Dashboard.wcdf" isHidden="false" isSchedulable="true" locale="en_US" title="CM Dashboard"/>
        </ExportManifestProperty>
        <ExportManifestProperty>
            <EntityAcl>
                <entriesInheriting>true</entriesInheriting>
                <owner>faizal</owner>
                <ownerType>USER</ownerType>
            </EntityAcl>
        </ExportManifestProperty>
    </ExportManifestEntity>
    <ExportManifestEntity path="FFFB/css">
        <ExportManifestProperty>
            <EntityMetaData name="css" createdDate="2019-11-21T15:03:57.753+08:00" isFolder="true" path="FFFB/css" isHidden="false" isSchedulable="true" locale="en_US" title="css"/>
        </ExportManifestProperty>
        <ExportManifestProperty>
            <EntityAcl>
                <entriesInheriting>true</entriesInheriting>
                <owner>faizal</owner>
                <ownerType>USER</ownerType>
            </EntityAcl>
        </ExportManifestProperty>
    </ExportManifestEntity>
    <ExportManifestEntity path="FFFB/css/CMS_logo.png">
        <ExportManifestProperty>
            <EntityMetaData name="CMS_logo.png" createdDate="2019-11-21T15:03:57.801+08:00" isFolder="false" path="FFFB/css/CMS_logo.png" isHidden="true" isSchedulable="true" locale="en_US" title="CMS_logo.png"/>
        </ExportManifestProperty>
        <ExportManifestProperty>
            <EntityAcl>
                <entriesInheriting>true</entriesInheriting>
                <owner>faizal</owner>
                <ownerType>USER</ownerType>
            </EntityAcl>
        </ExportManifestProperty>
    </ExportManifestEntity>
    <ExportManifestEntity path="FFFB/css/Overview.png">
        <ExportManifestProperty>
            <EntityMetaData name="Overview.png" createdDate="2019-11-21T15:03:58.034+08:00" isFolder="false" path="FFFB/css/Overview.png" isHidden="true" isSchedulable="true" locale="en_US" title="Overview.png"/>
        </ExportManifestProperty>
        <ExportManifestProperty>
            <EntityAcl>
                <entriesInheriting>true</entriesInheriting>
                <owner>faizal</owner>
                <ownerType>USER</ownerType>
            </EntityAcl>
        </ExportManifestProperty>
    </ExportManifestEntity>
    <ExportManifestEntity path="FFFB/css/OverviewOn.png">
        <ExportManifestProperty>
            <EntityMetaData name="OverviewOn.png" createdDate="2019-11-21T15:03:58.169+08:00" isFolder="false" path="FFFB/css/OverviewOn.png" isHidden="true" isSchedulable="true" locale="en_US" title="OverviewOn.png"/>
        </ExportManifestProperty>
        <ExportManifestProperty>
            <EntityAcl>
                <entriesInheriting>true</entriesInheriting>
                <owner>faizal</owner>
                <ownerType>USER</ownerType>
            </EntityAcl>
        </ExportManifestProperty>
    </ExportManifestEntity>
    <ExportManifestEntity path="FFFB/css/fffb.css.css">
        <ExportManifestProperty>
            <EntityMetaData name="fffb.css.css" createdDate="2019-11-21T15:03:58.537+08:00" isFolder="false" path="FFFB/css/fffb.css.css" isHidden="true" isSchedulable="true" locale="en_US" title="fffb.css.css"/>
        </ExportManifestProperty>
        <ExportManifestProperty>
            <EntityAcl>
                <entriesInheriting>true</entriesInheriting>
                <owner>faizal</owner>
                <ownerType>USER</ownerType>
            </EntityAcl>
        </ExportManifestProperty>
    </ExportManifestEntity>
    <ExportManifestEntity path="FFFB/img">
        <ExportManifestProperty>
            <EntityMetaData name="img" createdDate="2019-11-21T15:03:58.917+08:00" isFolder="true" path="FFFB/img" isHidden="true" isSchedulable="true" locale="en_US" title="img"/>
        </ExportManifestProperty>
        <ExportManifestProperty>
            <EntityAcl>
                <entriesInheriting>true</entriesInheriting>
                <owner>faizal</owner>
                <ownerType>USER</ownerType>
            </EntityAcl>
        </ExportManifestProperty>
    </ExportManifestEntity>
    <ExportManifestEntity path="FFFB/img/CMS_logo.png">
        <ExportManifestProperty>
            <EntityMetaData name="CMS_logo.png" createdDate="2019-11-21T15:03:58.960+08:00" isFolder="false" path="FFFB/img/CMS_logo.png" isHidden="true" isSchedulable="true" locale="en_US" title="CMS_logo.png"/>
        </ExportManifestProperty>
        <ExportManifestProperty>
            <EntityAcl>
                <entriesInheriting>true</entriesInheriting>
                <owner>faizal</owner>
                <ownerType>USER</ownerType>
            </EntityAcl>
        </ExportManifestProperty>
    </ExportManifestEntity>
    <ExportManifestEntity path="FFFB/img/calendar-ico.png">
        <ExportManifestProperty>
            <EntityMetaData name="calendar-ico.png" createdDate="2019-11-21T15:03:59.158+08:00" isFolder="false" path="FFFB/img/calendar-ico.png" isHidden="true" isSchedulable="true" locale="en_US" title="calendar-ico.png"/>
        </ExportManifestProperty>
        <ExportManifestProperty>
            <EntityAcl>
                <entriesInheriting>true</entriesInheriting>
                <owner>faizal</owner>
                <ownerType>USER</ownerType>
            </EntityAcl>
        </ExportManifestProperty>
    </ExportManifestEntity>
    <ExportManifestEntity path="FFFB/img/calendar-ico.svg">
        <ExportManifestProperty>
            <EntityMetaData name="calendar-ico.svg" createdDate="2019-11-21T15:03:59.254+08:00" isFolder="false" path="FFFB/img/calendar-ico.svg" isHidden="true" isSchedulable="true" locale="en_US" title="calendar-ico.svg"/>
        </ExportManifestProperty>
        <ExportManifestProperty>
            <EntityAcl>
                <entriesInheriting>true</entriesInheriting>
                <owner>faizal</owner>
                <ownerType>USER</ownerType>
            </EntityAcl>
        </ExportManifestProperty>
    </ExportManifestEntity>
    <ExportManifestEntity path="FFFB/img/pentaho-logo.png">
        <ExportManifestProperty>
            <EntityMetaData name="pentaho-logo.png" createdDate="2019-11-21T15:03:59.364+08:00" isFolder="false" path="FFFB/img/pentaho-logo.png" isHidden="true" isSchedulable="true" locale="en_US" title="pentaho-logo.png"/>
        </ExportManifestProperty>
        <ExportManifestProperty>
            <EntityAcl>
                <entriesInheriting>true</entriesInheriting>
                <owner>faizal</owner>
                <ownerType>USER</ownerType>
            </EntityAcl>
        </ExportManifestProperty>
    </ExportManifestEntity>
    <ExportManifestEntity path="FFFB/img/pentaho-logo.svg">
        <ExportManifestProperty>
            <EntityMetaData name="pentaho-logo.svg" createdDate="2019-11-21T15:03:59.465+08:00" isFolder="false" path="FFFB/img/pentaho-logo.svg" isHidden="true" isSchedulable="true" locale="en_US" title="pentaho-logo.svg"/>
        </ExportManifestProperty>
        <ExportManifestProperty>
            <EntityAcl>
                <entriesInheriting>true</entriesInheriting>
                <owner>faizal</owner>
                <ownerType>USER</ownerType>
            </EntityAcl>
        </ExportManifestProperty>
    </ExportManifestEntity>
    <ExportManifestEntity path="FFFB/img/selector-arrow.png">
        <ExportManifestProperty>
            <EntityMetaData name="selector-arrow.png" createdDate="2019-11-21T15:03:59.573+08:00" isFolder="false" path="FFFB/img/selector-arrow.png" isHidden="true" isSchedulable="true" locale="en_US" title="selector-arrow.png"/>
        </ExportManifestProperty>
        <ExportManifestProperty>
            <EntityAcl>
                <entriesInheriting>true</entriesInheriting>
                <owner>faizal</owner>
                <ownerType>USER</ownerType>
            </EntityAcl>
        </ExportManifestProperty>
    </ExportManifestEntity>
    <ExportManifestEntity path="FFFB/img/selector-arrow.svg">
        <ExportManifestProperty>
            <EntityMetaData name="selector-arrow.svg" createdDate="2019-11-21T15:03:59.659+08:00" isFolder="false" path="FFFB/img/selector-arrow.svg" isHidden="true" isSchedulable="true" locale="en_US" title="selector-arrow.svg"/>
        </ExportManifestProperty>
        <ExportManifestProperty>
            <EntityAcl>
                <entriesInheriting>true</entriesInheriting>
                <owner>faizal</owner>
                <ownerType>USER</ownerType>
            </EntityAcl>
        </ExportManifestProperty>
    </ExportManifestEntity>
    <ExportManifestEntity path="FFFB/img/trend_down.png">
        <ExportManifestProperty>
            <EntityMetaData name="trend_down.png" createdDate="2019-11-21T15:03:59.745+08:00" isFolder="false" path="FFFB/img/trend_down.png" isHidden="true" isSchedulable="true" locale="en_US" title="trend_down.png"/>
        </ExportManifestProperty>
        <ExportManifestProperty>
            <EntityAcl>
                <entriesInheriting>true</entriesInheriting>
                <owner>faizal</owner>
                <ownerType>USER</ownerType>
            </EntityAcl>
        </ExportManifestProperty>
    </ExportManifestEntity>
    <ExportManifestEntity path="FFFB/img/trend_down.svg">
        <ExportManifestProperty>
            <EntityMetaData name="trend_down.svg" createdDate="2019-11-21T15:03:59.833+08:00" isFolder="false" path="FFFB/img/trend_down.svg" isHidden="true" isSchedulable="true" locale="en_US" title="trend_down.svg"/>
        </ExportManifestProperty>
        <ExportManifestProperty>
            <EntityAcl>
                <entriesInheriting>true</entriesInheriting>
                <owner>faizal</owner>
                <ownerType>USER</ownerType>
            </EntityAcl>
        </ExportManifestProperty>
    </ExportManifestEntity>
    <ExportManifestEntity path="FFFB/img/trend_up.png">
        <ExportManifestProperty>
            <EntityMetaData name="trend_up.png" createdDate="2019-11-21T15:04:00.003+08:00" isFolder="false" path="FFFB/img/trend_up.png" isHidden="true" isSchedulable="true" locale="en_US" title="trend_up.png"/>
        </ExportManifestProperty>
        <ExportManifestProperty>
            <EntityAcl>
                <entriesInheriting>true</entriesInheriting>
                <owner>faizal</owner>
                <ownerType>USER</ownerType>
            </EntityAcl>
        </ExportManifestProperty>
    </ExportManifestEntity>
    <ExportManifestEntity path="FFFB/img/trend_up.svg">
        <ExportManifestProperty>
            <EntityMetaData name="trend_up.svg" createdDate="2019-11-21T15:04:00.116+08:00" isFolder="false" path="FFFB/img/trend_up.svg" isHidden="true" isSchedulable="true" locale="en_US" title="trend_up.svg"/>
        </ExportManifestProperty>
        <ExportManifestProperty>
            <EntityAcl>
                <entriesInheriting>true</entriesInheriting>
                <owner>faizal</owner>
                <ownerType>USER</ownerType>
            </EntityAcl>
        </ExportManifestProperty>
    </ExportManifestEntity>
    <ExportManifestEntity path="FFFB/img/webdetails-logo.png">
        <ExportManifestProperty>
            <EntityMetaData name="webdetails-logo.png" createdDate="2019-11-21T15:04:00.375+08:00" isFolder="false" path="FFFB/img/webdetails-logo.png" isHidden="true" isSchedulable="true" locale="en_US" title="webdetails-logo.png"/>
        </ExportManifestProperty>
        <ExportManifestProperty>
            <EntityAcl>
                <entriesInheriting>true</entriesInheriting>
                <owner>faizal</owner>
                <ownerType>USER</ownerType>
            </EntityAcl>
        </ExportManifestProperty>
    </ExportManifestEntity>
    <ExportManifestEntity path="FFFB/img/webdetails-logo.svg">
        <ExportManifestProperty>
            <EntityMetaData name="webdetails-logo.svg" createdDate="2019-11-21T15:04:00.482+08:00" isFolder="false" path="FFFB/img/webdetails-logo.svg" isHidden="true" isSchedulable="true" locale="en_US" title="webdetails-logo.svg"/>
        </ExportManifestProperty>
        <ExportManifestProperty>
            <EntityAcl>
                <entriesInheriting>true</entriesInheriting>
                <owner>faizal</owner>
                <ownerType>USER</ownerType>
            </EntityAcl>
        </ExportManifestProperty>
    </ExportManifestEntity>
    <ExportManifestEntity path="FFFB/js">
        <ExportManifestProperty>
            <EntityMetaData name="js" createdDate="2019-11-21T15:04:00.585+08:00" isFolder="true" path="FFFB/js" isHidden="false" isSchedulable="true" locale="en_US" title="js"/>
        </ExportManifestProperty>
        <ExportManifestProperty>
            <EntityAcl>
                <entriesInheriting>true</entriesInheriting>
                <owner>faizal</owner>
                <ownerType>USER</ownerType>
            </EntityAcl>
        </ExportManifestProperty>
    </ExportManifestEntity>
    <ExportManifestEntity path="FFFB/js/fffbJS.js.js">
        <ExportManifestProperty>
            <EntityMetaData name="fffbJS.js.js" createdDate="2019-11-21T15:04:00.624+08:00" isFolder="false" path="FFFB/js/fffbJS.js.js" isHidden="true" isSchedulable="true" locale="en_US" title="fffbJS.js.js"/>
        </ExportManifestProperty>
        <ExportManifestProperty>
            <EntityAcl>
                <entriesInheriting>true</entriesInheriting>
                <owner>faizal</owner>
                <ownerType>USER</ownerType>
            </EntityAcl>
        </ExportManifestProperty>
    </ExportManifestEntity>
    <ExportManifestEntity path="FFFB/jsMichael">
        <ExportManifestProperty>
            <EntityMetaData name="jsMichael" createdDate="2019-11-21T15:04:00.719+08:00" isFolder="true" path="FFFB/jsMichael" isHidden="false" isSchedulable="true" locale="en_US" title="jsMichael"/>
        </ExportManifestProperty>
        <ExportManifestProperty>
            <EntityAcl>
                <entriesInheriting>true</entriesInheriting>
                <owner>faizal</owner>
                <ownerType>USER</ownerType>
            </EntityAcl>
        </ExportManifestProperty>
    </ExportManifestEntity>
    <ExportManifestEntity path="FFFB/jsMichael/michael.js.js">
        <ExportManifestProperty>
            <EntityMetaData name="michael.js.js" createdDate="2019-11-21T15:04:00.753+08:00" isFolder="false" path="FFFB/jsMichael/michael.js.js" isHidden="true" isSchedulable="true" locale="en_US" title="michael.js.js"/>
        </ExportManifestProperty>
        <ExportManifestProperty>
            <EntityAcl>
                <entriesInheriting>true</entriesInheriting>
                <owner>faizal</owner>
                <ownerType>USER</ownerType>
            </EntityAcl>
        </ExportManifestProperty>
    </ExportManifestEntity>
</ns2:ExportManifest>
